<?xml version="1.0"?>
<!--
  File:     Derwent-I.xml
  Author:   Ron Jensen
  Inputs:
    name:           Derwent-I
    type:           Low By-pass turbine
    thrust:         2000.0 lb
    augmented?      no
    injected?       no
-->

<turbine_engine name="Derwent-I">
  <milthrust>  2000.0 </milthrust>
  <bypassratio>     1.0 </bypassratio>
  <tsfc>            1.4 </tsfc>
  <bleed>           0.03</bleed>
  <idlen1>         30.0 </idlen1>
  <idlen2>         60.0 </idlen2>
  <maxn1>         100.0 </maxn1>
  <maxn2>         100.0 </maxn2>
  <augmented>         0 </augmented>
  <injected>          0 </injected>

  <function name="IdleThrust">
   <table>
    <independentVar lookup="row">velocities/mach</independentVar>
    <independentVar lookup="column">atmosphere/density-altitude</independentVar>
    <tableData>
         -10000     0     10000   20000   30000   40000   50000   60000
     0.0  0.0430  0.0488  0.0528  0.0694  0.0899  0.1183  0.1467  0
     0.2  0.0500  0.0501  0.0335  0.0544  0.0797  0.1049  0.1342  0
     0.4  0.0040  0.0047  0.0020  0.0272  0.0595  0.0891  0.1203  0
     0.6  0.0     0.0     0.0     0.0     0.0276  0.0718  0.1073  0
     0.8  0.0     0.0     0.0     0.0     0.0474  0.0868  0.0900  0
     1.0  0.0     0.0     0.0     0.0     0.0     0.0552  0.0800  0
    </tableData>
   </table>
  </function>

  <function name="MilThrust">
   <table>
    <independentVar lookup="row">velocities/mach</independentVar>
    <independentVar lookup="column">atmosphere/density-altitude</independentVar>
    <tableData>
		-10000	0	10000	20000	30000	40000	50000	60000	70000
	0.0	1.217	1.000	0.783	0.565	0.379	0.223	0.066	0.000	0.000
	0.2	1.015	0.855	0.696	0.537	0.383	0.235	0.086	0.015	0.000
	0.4	0.862	0.746	0.631	0.515	0.387	0.247	0.106	0.030	0.000
	0.6	0.760	0.673	0.587	0.501	0.391	0.259	0.126	0.046	0.000
	0.8	0.707	0.636	0.565	0.493	0.395	0.271	0.146	0.061	0.000
	1.0	0.705	0.634	0.564	0.493	0.399	0.283	0.166	0.076	0.000
	1.2	0.753	0.669	0.584	0.500	0.403	0.295	0.186	0.091	0.000
	1.4	0.851	0.739	0.627	0.515	0.407	0.307	0.206	0.106	0.000
    </tableData>
   </table>
  </function>
  <function name="propulsion/engine[#]/rpm">
   <product>
    <value>165</value>
    <property value="0">propulsion/engine[#]/n1</property>
   </product>
  </function>
</turbine_engine>

