<?xml version="1.0"?>
<?xml-stylesheet type="text/xsl" href="http://jsbsim.sourceforge.net/JSBSim.xsl"?>
<fdm_config name="Gloster_Meteor" version="2.0" release="ALPHA"
   xmlns:xsi="http://www.w3.org/2001/XMLSchema-instance"
   xsi:noNamespaceSchemaLocation="http://jsbsim.sourceforge.net/JSBSim.xsd">

 <fileheader>
  <author> Ron Jensen </author>
  <author> Aeromatic v 0.91 </author>
  <filecreationdate>2011-04-27</filecreationdate>
  <version>$Revision: 1.10 $</version>
  <description> Models a Gloster Meteor. </description>
 </fileheader>

<!--
  File:     Gloster_Meteor.xml
  Inputs:
    name:          Gloster_Meteor
    type:          WWII fighter, subsonic sport, aerobatic
    max weight:    12000.0 lb
    wing span:     47.0 ft
    length:        41.0 ft
    wing area:     unspecified
    gear type:     tricycle
    retractable?:  yes
    # engines:     2
    engine type:   turbine
    engine layout: wings
    yaw damper?    no

  Outputs:
    wing loading:  45.00 lb/sq-ft
    CL-alpha:      4.5 per radian
    CL-0:          0.17
    CL-max:        1.2
    CD-0:          0.02
    K:             0.06


<Armchair_Ace> Wing Span: 43ft Length: 41ft3in Height: 13ft Wing Area: 374sq/ft.
<Armchair_Ace> Empty weight 8810lb MTOW 13300lb
<Armchair_Ace> Range: 1340 miles at 350mph. Service Ceiling 44'000 feet.
<Armchair_Ace> Although the book doesn't offer any dimensions or anything, it claims that the F.3 has "small airbrakes above and below each centre section of each wing".

R. & M. No. 2791


4 20 mm guns in the nose, 180 rounds/gun.
http://www.wwiiaircraftperformance.org/meteor/meteor3ads.jpg

Weights and Loadings.

47.     The full loaded all up weight is 12,614 lbs., and the corres-
ponding wing loading is 34 lbs/sq.ft.  The wing loading of the Tempest V
used in the comparative trails is 38 lbs/sq.ft.

48.     Carrying a full ventral tank, the all up weight is 14,373 lbs.

49.     The maximum landing weight permitted is 12,000 lbs. This is
reached with a clean aircraft when 250 gallons of fuel remain.  If the
ventral tank has not been jettisoned it is reached when 216 gallons remain.

Analysis of Weights:
The weight of an empty ventral tank is equivelent to 250-216 gallons of fuel.
Fuel weighs 7.7 lbs/gallon, so a ventral tank weighs 262 lbs, Leaving 1497lbs
for ventral tank fuel weight.

Centre of Gravity..

50.  The design range of the centre of gravity is from 27.9% of the
standard mean chord to 34.1% standard mean chord.  In all cases the
centre of gravity lies within this range.  The most extreme position
reached is for an aircraft with no ventral tank with all its amunition
 expended when the centre of gravity is at 33.0% standard mean chord.
The effect of the ventral tank is to move the centre of gravity forward
.2% standard mean chord when empty and .4% when full.

http://www.wwiiaircraftperformance.org/meteor/Meteor-CFE.pdf
http://www.wwiiaircraftperformance.org/meteor/Meteor.html

Analysis of CG:
Standard mean chord (SMC) is 8.71 ft. The datum used by this FDM is arbitrarily
placed by the flight gear model. I am using -1.99 meters (-6.53 ft) as the 25%
SMC point, this makes 0% SMC -2.654m (-8.71ft). or 

 CG = -2.654m + 2.655m*(%SMC)
 25.0% = -1.990m (-6.530ft) (-78.4 in)
 27.9% = -1.913m (-6.277ft) (-75.3 in)
 33.0% = -1.778m (-5.833ft) (-70.0 in)
 34.1% = -1.749m (-5.737ft) (-68.9 in)

http://www.pprune.org/archive/index.php/t-70987.html 
 Drop full flap approaching the glide-path, set the speed at about 125, vsi at about
 250 fpm down and revs at about 11,000 depending on the wind (I would not argue over
 these settings!), trim it out and RELAX . Glosters did the rest.
-->

 <metrics>
   <wingarea  unit="FT2">  374. </wingarea>
   <wingspan  unit="FT" >   43.00 </wingspan>
   <wing_incidence>          0.0075</wing_incidence><!-- Tweak to adjust exact alpha-->
   <chord     unit="FT" >    8.71 </chord>
   <htailarea unit="FT2">   61. </htailarea>
   <htailarm  unit="FT" >   23.0 </htailarm>
   <vtailarea unit="M2">   2.372 </vtailarea> <!-- datcom -->
   <vtailarm  unit="FT" >   23.0 </vtailarm>
   <location name="AERORP" unit="M">
     <x> -1.99 </x>
     <y>  0.00 </y>
     <z> -0.44 </z>
   </location>
   <location name="EYEPOINT" unit="M">
     <x> -3.55 </x>
     <y>  0.0 </y>
     <z>  0.50 </z>
   </location>
   <location name="VRP" unit="M">
     <x>0</x>
     <y>0</y>
     <z>.1</z>
   </location>
 </metrics>

 <mass_balance>
   <ixx unit="SLUG*FT2">      7502 </ixx>
   <iyy unit="SLUG*FT2">     10149 </iyy>
   <izz unit="SLUG*FT2">     15909 </izz>
   <emptywt unit="LBS" >      6000 </emptywt>
   <location name="CG" unit="M">
     <x> -1.778 </x>
     <y>  0.00  </y>
     <z> -0.45 </z>
   </location>
<!-- Warning: Adjust the -set and System/payload file if altering the order of the point-masses-->
   <pointmass name="Left Engine">
     <weight unit="LBS"> 1000 </weight>
     <location name="POINTMASS" unit="M">
      <x> -1.778 </x>
      <y> -2.36</y>
      <z> -.63 </z>
     </location>
   </pointmass> 
   <pointmass name="Right Engine">
     <weight unit="LBS"> 1000 </weight>
     <location name="POINTMASS" unit="M">
      <x> -1.778 </x>
      <y>  2.36</y>
      <z> -.63 </z>
     </location>
   </pointmass>  
   <pointmass name="Ventral Tank Mass">
     <weight unit="LBS"> 0. </weight><!-- 262 lbs if present -->
     <location name="POINTMASS" unit="M">
      <x> -2.0 </x>
      <y>   .0 </y>
      <z> -1.1 </z>
     </location>
   </pointmass>  
   <pointmass name="Ammunition Weight">
     <weight unit="LBS"> 720 </weight><!-- 0.625 lb * 720 rounds, 450 lb max -->
     <location name="POINTMASS" unit="M">
      <x> -3.95 </x>
      <y>   .0 </y>
      <z> -.4 </z>
     </location>
   </pointmass>  
</mass_balance>

 <ground_reactions>

  <contact type="BOGEY" name="Nose Gear">
   <location unit="M">
     <x>  -5.576 </x>
     <y>   0.00 </y>
     <z>  -1.97 </z>
   </location>
   <static_friction>  0.80 </static_friction>
   <dynamic_friction> 0.50 </dynamic_friction>
   <rolling_friction> 0.02 </rolling_friction>
   <spring_coeff unit="LBS/FT">       2000.00 </spring_coeff>
   <damping_coeff unit="LBS/FT/SEC">   500.00 </damping_coeff>
   <max_steer unit="DEG"> 360 </max_steer>
   <brake_group>NONE</brake_group>
   <retractable>1</retractable>
 </contact>

  <contact type="BOGEY" name="Left Main Gear">
   <location unit="M">
     <x> -1.6 </x>
     <y> -1.587 </y>
     <z> -1.956 </z>
   </location>
   <static_friction>  0.80 </static_friction>
   <dynamic_friction> 0.50 </dynamic_friction>
   <rolling_friction> 0.02 </rolling_friction>
   <spring_coeff unit="LBS/FT">      12000.00 </spring_coeff>
   <damping_coeff unit="LBS/FT/SEC">  2400.00 </damping_coeff>
   <max_steer unit="DEG">0</max_steer>
   <brake_group>LEFT</brake_group>
   <retractable>1</retractable>
 </contact>

  <contact type="BOGEY" name="Right Main Gear">
   <location unit="M">
     <x> -1.6 </x>
     <y>  1.587 </y>
     <z> -1.956 </z>
   </location>
   <static_friction>  0.80 </static_friction>
   <dynamic_friction> 0.50 </dynamic_friction>
   <rolling_friction> 0.02 </rolling_friction>
   <spring_coeff unit="LBS/FT">      12000.00 </spring_coeff>
   <damping_coeff unit="LBS/FT/SEC">  2400.00 </damping_coeff>
   <max_steer unit="DEG">0</max_steer>
   <brake_group>RIGHT</brake_group>
   <retractable>1</retractable>
 </contact>

  <contact type="STRUCTURE" name="LEFT_WING">
    <location unit="M">
     <x> -1.57 </x>
     <z> -0.325 </z>
     <y> -6.5 </y>
    </location>
    <static_friction>  0.80 </static_friction>
    <dynamic_friction> 0.50 </dynamic_friction>
    <spring_coeff unit="LBS/FT">      12000.00 </spring_coeff>
    <damping_coeff unit="LBS/FT/SEC">  2400.00 </damping_coeff>
 </contact>

  <contact type="STRUCTURE" name="RIGHT_WING">
    <location unit="M">
     <x> -1.57 </x>
     <y>  6.5 </y>
     <z> -0.325 </z>
    </location>
    <static_friction>  0.80 </static_friction>
    <dynamic_friction> 0.50 </dynamic_friction>
    <spring_coeff unit="LBS/FT">      12000.00 </spring_coeff>
    <damping_coeff unit="LBS/FT/SEC">  2400.00 </damping_coeff>
 </contact>
  <contact type="STRUCTURE" name="NOSE">
    <location unit="M">
     <x> -6.17 </x>
     <y>  0. </y>
     <z> -0.5 </z>
    </location>
    <static_friction>  0.80 </static_friction>
    <dynamic_friction> 0.50 </dynamic_friction>
    <spring_coeff unit="LBS/FT">      12000.00 </spring_coeff>
    <damping_coeff unit="LBS/FT/SEC">  2400.00 </damping_coeff>
 </contact>
  <contact type="STRUCTURE" name="TAIL">
    <location unit="M">
     <x>  4.62 </x>
     <y>  0. </y>
     <z> -0.44 </z>
    </location>
    <static_friction>  0.80 </static_friction>
    <dynamic_friction> 0.50 </dynamic_friction>
    <spring_coeff unit="LBS/FT">      12000.00 </spring_coeff>
    <damping_coeff unit="LBS/FT/SEC">  2400.00 </damping_coeff>
 </contact>

 </ground_reactions>

 <propulsion>

   <engine file="Derwent-I">
     <location unit="M">
      <x> -1.8 </x>
      <y> -2.36</y>
      <z> -.63 </z>
     </location>
    <orient unit="DEG">
      <pitch> 0.00 </pitch>
      <roll>   0.00 </roll>
      <yaw>   0.00 </yaw>
    </orient>
    <feed>0</feed>
    <feed>2</feed>
    <thruster file="direct">
     <location unit="M">
      <x> -0.0 </x>
      <y> -2.36</y>
      <z> -.63 </z>
     </location>
     <orient unit="DEG">
       <pitch> 0.00 </pitch>
       <roll>   0.00 </roll>
       <yaw>   0.00 </yaw>
     </orient>
    </thruster>
  </engine>

   <engine file="Derwent-I">
     <location unit="M">
      <x> -1.8 </x>
      <y>  2.36</y>
      <z> -.63 </z>
     </location>
    <orient unit="DEG">
      <pitch> 0.00 </pitch>
      <roll>   0.00 </roll>
      <yaw>   0.00 </yaw>
    </orient>
    <feed>1</feed>
    <feed>2</feed>
    <thruster file="direct">
     <location unit="M">
      <x> -0.0 </x>
      <y>  2.36</y>
      <z> -.63 </z>
     </location>
     <orient unit="DEG">
       <pitch> 0.00 </pitch>
       <roll>   0.00 </roll>
       <yaw>   0.00 </yaw>
     </orient>
    </thruster>
  </engine>

  <tank type="FUEL" number="0" name="Front Compartment">
   <location unit="M">
     <x> -2.278 </x>
     <y>  0.00  </y>
     <z> -0.45 </z>
   </location>
   <type>AVTAG</type>
   <priority>2</priority> 
   <capacity unit="LBS"> 1255.1 </capacity>
   <contents unit="LBS"> 1255.0 </contents>
  </tank>

  <tank type="FUEL" number="1" name="Rear Compartment">
   <location unit="M">
     <x> -1.278 </x>
     <y>  0.00  </y>
     <z> -0.45 </z>
   </location>
   <type>AVTAG</type>
   <priority>2</priority> 
   <capacity unit="LBS"> 1255.1 </capacity>
   <contents unit="LBS"> 1255.0 </contents>
  </tank>

  <tank type="FUEL" number="2" name="Ventral Drop Tank">
   <location unit="M">
     <x> -1.85 </x>
     <y>  0.0  </y>
     <z> -1.1 </z>
   </location>
   <type>AVTAG</type>
   <priority>1</priority> 
   <capacity unit="LBS"> 1347.5 </capacity>
   <contents unit="LBS"> 0. </contents>
  </tank>
<!-- No wing tanks on the F.3
  <tank type="FUEL" number="2" name="Left Wing Drop Tank">
   <location unit="M">
     <x>  -2.954 </x>
     <y> -10.00  </y>
     <z>  -0.45 </z>
   </location>
   <type>AVTAG</type>
   <capacity unit="LBS"> 770.00 </capacity>
   <contents unit="LBS">   0.00 </contents>
  </tank>

  <tank type="FUEL" number="2" name="Right Wing Drop Tank">
   <location unit="M">
     <x>  -2.954 </x>
     <y>  10.00  </y>
     <z>  -0.45 </z>
   </location>
   <type>AVTAG</type>
   <capacity unit="LBS"> 770.0 </capacity>
   <contents unit="LBS">   0.0 </contents>
  </tank>
-->
 </propulsion>
 <system file="NWS"/>
 <system file="afcs"/>
 <system file="payload"/>
 <system file="fuel"/>
 <system file="external_reactions"/>

  <external_reactions>
    <force name="vertical-stabilizer" frame="BODY">
      <location unit="M">
        <x> 4.95 </x>
        <y> 0.0 </y>
        <z> 1.0 </z>
      </location>
      <direction>
        <x>    0.0 </x>
        <y>    1.0 </y>
        <z>    0.0 </z>
      </direction>
    </force>
    
  </external_reactions> 

  <flight_control name="FCS: Gloster_Meteor">

  <channel name="Pitch">
   <summer name="Pitch Trim Sum">
      <input>fcs/elevator-cmd-norm</input>
      <input>fcs/pitch-trim-cmd-norm</input>
      <input>ap/elevator-cmd</input>
      <clipto>
        <min> -1 </min>
        <max>  1 </max>
      </clipto>
   </summer>

   <aerosurface_scale name="Elevator Control">
      <input>fcs/pitch-trim-sum</input>
      <range>
        <min> -0.35 </min>
        <max>  0.35 </max>
      </range>
      <output>fcs/elevator-pos-rad</output>
   </aerosurface_scale>

   <aerosurface_scale name="elevator normalization">
      <input>fcs/elevator-pos-rad</input>
      <domain>
        <min> -0.35 </min>
        <max>  0.35 </max>
      </domain>
      <range>
        <min> -1 </min>
        <max>  1 </max>
      </range>
      <output>fcs/elevator-pos-norm</output>
   </aerosurface_scale>

  </channel>

  <channel name="Roll">
   <summer name="Roll Trim Sum">
      <input>fcs/aileron-cmd-norm</input>
      <input>fcs/roll-trim-cmd-norm</input>
      <input>ap/aileron-cmd</input>
      <clipto>
        <min> -1 </min>
        <max>  1 </max>
      </clipto>
   </summer>

   <aerosurface_scale name="Left Aileron Control">
      <input>fcs/roll-trim-sum</input>
      <range>
        <min> -0.3 </min>
        <max>  0.3 </max>
      </range>
      <output>fcs/left-aileron-pos-rad</output>
   </aerosurface_scale>

   <aerosurface_scale name="Right Aileron Control">
      <input>-fcs/roll-trim-sum</input>
      <range>
        <min> -0.3 </min>
        <max>  0.3 </max>
      </range>
      <output>fcs/right-aileron-pos-rad</output>
   </aerosurface_scale>

   <aerosurface_scale name="left aileron normalization">
      <input>fcs/left-aileron-pos-rad</input>
      <domain>
        <min> -0.3 </min>
        <max>  0.3 </max>
      </domain>
      <range>
        <min> -1 </min>
        <max>  1 </max>
      </range>
      <output>fcs/left-aileron-pos-norm</output>
   </aerosurface_scale>

   <aerosurface_scale name="right aileron normalization">
      <input>fcs/right-aileron-pos-rad</input>
      <domain>
        <min> -0.3 </min>
        <max>  0.3 </max>
      </domain>
      <range>
        <min> -1 </min>
        <max>  1 </max>
      </range>
      <output>fcs/right-aileron-pos-norm</output>
   </aerosurface_scale>

  </channel>

  <channel name="Yaw">
   <summer name="Rudder Command Sum">
      <input>fcs/rudder-cmd-norm</input>
      <input>fcs/yaw-trim-cmd-norm</input>
      <input>ap/rudder-cmd</input>
      <clipto>
        <min> -1.0 </min>
        <max>  1.0 </max>
      </clipto>
   </summer>

   <aerosurface_scale name="Rudder Control">
      <input>fcs/rudder-command-sum</input>
      <domain>
        <min> -1.0 </min>
        <max>  1.0 </max>
      </domain>
      <range>
        <min> -0.3 </min>
        <max>  0.3 </max>
      </range>
      <output>fcs/rudder-pos-rad</output>
   </aerosurface_scale>

   <aerosurface_scale name="rudder normalization">
      <input>-fcs/rudder-pos-rad</input>
      <domain>
        <min> -0.3 </min>
        <max>  0.3 </max>
      </domain>
      <range>
        <min> -1 </min>
        <max>  1 </max>
      </range>
      <output>fcs/rudder-pos-norm</output>
   </aerosurface_scale>

  </channel>

  <channel name="Flaps">
   <kinematic name="Flaps Control">
     <input>fcs/flap-cmd-norm</input>
     <traverse>
       <setting>
          <position>  0 </position>
          <time>      0 </time>
       </setting>
       <setting>
          <position> 15 </position>
          <time>      4 </time>
       </setting>
       <setting>
          <position> 30 </position>
          <time>      3 </time>
       </setting>
     </traverse>
     <output>fcs/flap-pos-deg</output>
   </kinematic>

   <aerosurface_scale name="flap normalization">
      <input>fcs/flap-pos-deg</input>
      <domain>
        <min>  0 </min>
        <max> 30 </max>
      </domain>
      <range>
        <min> 0 </min>
        <max> 1 </max>
      </range>
      <output>fcs/flap-pos-norm</output>
   </aerosurface_scale>

  </channel>

  <channel name="Landing Gear">
   <kinematic name="Gear Control">
     <input>gear/gear-cmd-norm</input>
     <traverse>
       <setting>
          <position> 0 </position>
          <time>     0 </time>
       </setting>
       <setting>
          <position> 1 </position>
          <time>     5 </time>
       </setting>
     </traverse>
     <output>gear/gear-pos-norm</output>
   </kinematic>
<!-- A function to make FGFS /position/gear-agl-ft function -default_agl + vrp_z
-->
  <fcs_function name="position/gear-agl-ft">
    <function>
     <sum>
       <property>position/h-agl-ft</property>
       <value>-4.15</value>
     </sum>
    </function>
   </fcs_function>
  </channel>

  <channel name="Speedbrake">
   <kinematic name="Speedbrake Control">
     <input>fcs/speedbrake-cmd-norm</input>
     <traverse>
       <setting>
          <position> 0 </position>
          <time>     0 </time>
       </setting>
       <setting>
          <position> 1 </position>
          <time>     1 </time>
       </setting>
     </traverse>
     <output>fcs/speedbrake-pos-norm</output>
   </kinematic>

  </channel>

 </flight_control>

 <aerodynamics>
  <function name="aero/function/cos-alpha">
   <description>Cosine of alpha</description>
    <cos>
     <property>aero/alpha-rad</property>
    </cos>
  </function>

  <function name="aero/function/sin-alpha">
   <description>Sine of alpha</description>
    <sin>
     <property>aero/alpha-rad</property>
    </sin>
  </function>

  <function name="aero/function/cos-beta">
   <description>Cosine of beta</description>
    <cos>
     <property>aero/beta-rad</property>
    </cos>
  </function>

  <function name="aero/function/sin-beta">
   <description>Sine of beta</description>
    <sin>
     <property>aero/beta-rad</property>
    </sin>
  </function>

  <function name="aero/function/cos2-alpha">
   <description>Cosine Squared of alpha</description>
    <product>
     <property>aero/function/cos-alpha</property>
     <property>aero/function/cos-alpha</property>
    </product>
  </function>

  <function name="aero/function/scos2-alpha">
   <description>Signed Cosine Squared of alpha</description>
    <product>
     <abs><property>aero/function/cos-alpha</property></abs>
     <property>aero/function/cos-alpha</property>
    </product>
  </function>

  <function name="aero/function/ground-effect-factor-normal">
   <description>Change in normal due to ground effect factor</description>
   <product>
    <table>
     <independentVar lookup="row">aero/h_b-mac-ft</independentVar>
     <independentVar lookup="column"><property>aero/function/sin-alpha</property></independentVar>
     <tableData>
             -1.0 0.000 1.0
        0.0   1.0 1.203 1.0
        0.1   1.0 1.127 1.0
        0.15  1.0 1.090 1.0
        0.2   1.0 1.073 1.0
        0.3   1.0 1.046 1.0
        0.4   1.0 1.055 1.0
        0.5   1.0 1.019 1.0
        0.6   1.0 1.013 1.0
        0.7   1.0 1.008 1.0
        0.8   1.0 1.006 1.0
        0.9   1.0 1.003 1.0
        1.0   1.0 1.002 1.0
        1.1   1.0 1.000 1.0
     </tableData>
    </table>
   </product>
  </function>

  <function name="aero/function/ground-effect-factor-axial">
   <description>Change in axial force due to ground effect</description>
   <product>
    <table>
     <independentVar lookup="row">aero/h_b-mac-ft</independentVar>
     <independentVar lookup="column"><property>aero/function/sin-alpha</property></independentVar>
     <tableData>
            -1.0 0.000 1.0
        0.0  1.0 0.480 1.0
        0.1  1.0 0.515 1.0
        0.15 1.0 0.629 1.0
        0.2  1.0 0.709 1.0
        0.3  1.0 0.815 1.0
        0.4  1.0 0.882 1.0
        0.5  1.0 0.928 1.0
        0.6  1.0 0.962 1.0
        0.7  1.0 0.988 1.0
        0.8  1.0 1.0   1.0
        0.9  1.0 1.0   1.0
        1.0  1.0 1.0   1.0
        1.1  1.0 1.0   1.0
     </tableData>
    </table>
   </product>
  </function>
  
  <axis name="NORMAL">

    <function name="aero/coefficient/CNalpha">
<!-- Datcom -->
      <description>Lift_due_to_alpha</description>
      <product>
          <property>aero/qbar-psf</property>
          <property>metrics/Sw-sqft</property>
          <table>
            <independentVar lookup="row">aero/alpha-wing-rad</independentVar>
            <tableData>
        -3.1415 0.0
        -1.57   -1.0
	-0.279	-1.173
	-0.140	-0.677
	-0.105	-0.503
	-0.070	-0.329
	-0.035	-0.159
	-0.017	-0.076
	0.000	0.005
	0.017	0.086
	0.035	0.169
	0.070	0.336
	0.105	0.506
	0.140	0.678
	0.175	0.839
	0.209	0.968
	0.244	1.066
	0.279	1.147
	0.314	1.145
	0.332	1.115
	0.349	1.104
	0.367	1.089
	1.57    1.0
	3.1416  0.0
            </tableData>
          </table>
      </product>
    </function>

    <function name="aero/coefficient/dCNflap">
       <description>Delta_Lift_due_to_flaps</description>
       <!-- Emperically chosen -->
       <product>
           <property>aero/function/ground-effect-factor-normal</property>
           <property>aero/function/scos2-alpha</property>
           <property>aero/qbar-psf</property>
           <property>metrics/Sw-sqft</property>
           <property>fcs/flap-pos-deg</property>
           <value> 0.0135 </value>
       </product>
    </function>

    <function name="aero/coefficient/dCNsb">
       <description>Delta_Lift_due_to_speedbrake</description>
       <product>
           <property>aero/function/ground-effect-factor-normal</property>
           <property>aero/function/cos2-alpha</property>
           <property>aero/qbar-psf</property>
           <property>metrics/Sw-sqft</property>
           <property>fcs/speedbrake-pos-norm</property>
           <value>0</value>
       </product>
    </function>

    <function name="aero/coefficient/CNde">
       <description>Lift_due_to_Elevator_Deflection</description>
       <product>
           <property>aero/function/scos2-alpha</property>
           <property>aero/qbar-psf</property>
           <property>metrics/Sw-sqft</property>
           <property>fcs/elevator-pos-rad</property>
           <value>0.2</value>
       </product>
    </function>

  </axis>

  <axis name="AXIAL">

    <function name="aero/coefficient/CX0">
<!-- Datcom -->
       <description>Drag_at_zero_lift</description>
       <product>
          <property>aero/function/ground-effect-factor-axial</property>
          <property>aero/qbar-psf</property>
          <property>metrics/Sw-sqft</property>
          <table>
            <independentVar lookup="row">aero/alpha-wing-rad</independentVar>
            <tableData>
               -3.1415  0.02
               -1.57	0.0
	-0.279	-0.217
	-0.140	-0.048
	-0.105	-0.021
	-0.070	-0.001
	-0.035	0.011
	-0.017	0.014
	0.000	0.015
	0.017	0.014
	0.035	0.011
	0.070	0.000
	0.105	-0.020
	0.140	-0.047
	0.175	-0.081
	0.209	-0.120
	0.244	-0.162
	0.279	-0.207
	0.314	-0.243
	0.332	-0.254
	0.349	-0.267
	0.367	-0.279
               1.57   0.0
               3.1415 0.02
            </tableData>
          </table>
          <value>0.71</value><!-- Tweak -->
       </product>
    </function>

<!--    <function name="aero/coefficient/CXi">
       <description>Induced_drag</description>
         <product>
           <property>aero/qbar-psf</property>
           <property>metrics/Sw-sqft</property>
           <property>aero/cl-squared</property>
           <value>0.06</value>
         </product>
    </function>-->

    <function name="aero/coefficient/CXmach">
<!-- Datcom -->
       <description>Drag_due_to_mach</description>
        <product>
          <property>aero/qbar-psf</property>
          <property>metrics/Sw-sqft</property>
          <table>
            <independentVar lookup="row">velocities/mach</independentVar>
            <tableData>
                0.00      0.000
                 .60       .01485
                 .70       .01505
                1.10       .04290
                1.40       .04304
             </tableData>
          </table>
          <value>0.35</value><!-- tweak to allow 471mph@15,000ft w/full throttle-->
        </product>
    </function>

    <function name="aero/coefficient/CXflap">
       <description>Drag_due_to_flaps</description>
         <product>
           <property>aero/function/ground-effect-factor-axial</property>
           <property>aero/function/scos2-alpha</property>
           <property>aero/qbar-psf</property>
           <property>metrics/Sw-sqft</property>
           <property>fcs/flap-pos-deg</property>
           <value> 0.001 </value>
         </product>
    </function>

    <function name="aero/coefficient/CXgear">
       <description>Drag_due_to_gear</description>
         <product>
           <property>aero/function/scos2-alpha</property>
           <property>aero/qbar-psf</property>
           <property>metrics/Sw-sqft</property>
           <property>gear/gear-pos-norm</property>
           <value>0.02</value>
         </product>
    </function>

    <function name="aero/coefficient/CXsb">
       <description>Drag_due_to_speedbrakes</description>
         <product>
           <property>aero/function/ground-effect-factor-axial</property>
           <property>aero/function/scos2-alpha</property>
           <property>aero/qbar-psf</property>
           <property>metrics/Sw-sqft</property>
           <property>fcs/speedbrake-pos-norm</property>
           <value>0.04</value>
         </product>
    </function>
<!--
    <function name="aero/coefficient/CXbeta">
       <description>Drag_due_to_sideslip</description>
       <product>
          <property>aero/qbar-psf</property>
          <property>metrics/Sw-sqft</property>
          <table>
            <independentVar lookup="row">aero/beta-rad</independentVar>
            <tableData>
              -3.14  0.00
              -2.88  0.050
              -1.57  1.230
              -0.26  0.050
               0.00  0.000
               0.26  0.050
               1.57  1.230
               2.88  0.050
               3.14  0.0
            </tableData>
          </table>
       </product>
    </function>
-->
    <function name="aero/coefficient/CXde">
       <description>Drag_due_to_Elevator_Deflection</description>
       <product>
           <property>aero/function/cos2-alpha</property>
           <property>aero/qbar-psf</property>
           <property>metrics/Sw-sqft</property>
           <abs><property>fcs/elevator-pos-norm</property></abs>
           <value>0.00</value>
       </product>
    </function>

  </axis>

  <axis name="SIDE">

    <function name="aero/coefficient/CYb">
<!-- Datcom -->
       <description>Side_force_due_to_beta</description>
       <product>
           <property>aero/qbar-psf</property>
           <property>metrics/Sw-sqft</property>
           <property>aero/function/sin-beta</property>
           <value>-0.2856</value>
       </product>
    </function>

    <function name="aero/coefficient/CYr">
       <description>Side_force_due_to_yaw_rate</description>
       <product>
           <property>aero/qbar-psf</property>
           <property>metrics/Sw-sqft</property>
           <property>metrics/bw-ft</property>
           <property>aero/bi2vel</property>
           <property>velocities/r-aero-rad_sec</property>
          <table>
            <independentVar lookup="row">velocities/mach</independentVar>
            <tableData>
                 .50     -0.35
                 .70      0.35
             </tableData>
          </table>
       </product>
    </function>

    <function name="aero/coefficient/CYp">
       <description>Side_force_due_to_roll_rate</description>
       <product>
           <property>aero/qbar-psf</property>
           <property>metrics/Sw-sqft</property>
           <property>metrics/bw-ft</property>
           <property>aero/bi2vel</property>
           <property>velocities/p-aero-rad_sec</property>
           <value>0.1</value>
       </product>
    </function>

  </axis>

  <axis name="ROLL">

    <function name="aero/coefficient/Clb">
       <description>Roll_moment_due_to_beta</description>
       <product>
           <property>aero/qbar-psf</property>
           <property>metrics/Sw-sqft</property>
           <property>metrics/bw-ft</property>
           <property>aero/function/sin-beta</property>
           <value>-0.05</value><!-- aeromatic -0.1 -->
       </product>
    </function>

    <function name="aero/coefficient/Clp">
       <description>Roll_moment_due_to_roll_rate</description>
       <product>
           <property>aero/qbar-psf</property>
           <property>metrics/Sw-sqft</property>
           <property>metrics/bw-ft</property>
           <property>aero/bi2vel</property>
           <property>velocities/p-aero-rad_sec</property>
           <value>-0.9</value>
       </product>
    </function>

    <function name="aero/coefficient/Clr">
       <description>Roll_moment_due_to_yaw_rate</description>
       <product>
           <property>aero/qbar-psf</property>
           <property>metrics/Sw-sqft</property>
           <property>metrics/bw-ft</property>
           <property>aero/bi2vel</property>
           <property>velocities/r-aero-rad_sec</property>
           <value>0.15</value>
       </product>
    </function>

    <function name="aero/coefficient/Clda">
       <description>Roll_moment_due_to_aileron</description>
       <product>
          <property>aero/qbar-psf</property>
          <property>metrics/Sw-sqft</property>
          <property>metrics/bw-ft</property>
          <property>fcs/left-aileron-pos-rad</property>
          <table>
            <independentVar lookup="row">velocities/mach</independentVar>
            <tableData>
              0.0    0.180
              0.74   0.170
              0.99   0.060
              2.0    0.060
            </tableData>
          </table>
       </product>
    </function>

  </axis>

  <axis name="PITCH">

    <function name="aero/coefficient/Cmalpha">
<!-- Datcom -->
       <description>Pitch_moment_due_to_alpha</description>
       <product>
           <property>aero/qbar-psf</property>
           <property>metrics/Sw-sqft</property>
           <property>metrics/cbarw-ft</property>
          <table>
            <independentVar lookup="row">aero/alpha-wing-rad</independentVar>
            <tableData>
               -3.142 0.0
               -1.571 1.0
	-0.279	0.4797
	-0.140	0.2345
	-0.105	0.1749
	-0.070	0.1186
	-0.035	0.0663
	-0.017	0.0415
	0.000	0.0173
	0.017	-0.0065
	0.035	-0.0299
	0.070	-0.0757
	0.105	-0.1204
	0.140	-0.1641
	0.175	-0.207
	0.209	-0.2504
	0.244	-0.2963
               1.571  -1.
               3.142  0.0
            </tableData>
          </table>
       </product>
    </function>

    <function name="aero/coefficient/Cmde">
       <description>Pitch_moment_due_to_elevator</description>
       <product>
          <property>aero/function/cos-alpha</property>
          <property>aero/qbar-psf</property>
          <property>metrics/Sw-sqft</property>
          <property>metrics/cbarw-ft</property>
          <property>fcs/elevator-pos-rad</property>
          <table>
            <independentVar lookup="row">velocities/mach</independentVar>
            <tableData>
              0.0     -1.200
              0.78    -1.200
              0.85    -0.800
              0.9999  -0.001
              2.0     -0.400
            </tableData>
          </table>
       </product>
    </function>

    <function name="aero/coefficient/Cmq">
       <description>Pitch_moment_due_to_pitch_rate</description>
       <product>
           <property>aero/qbar-psf</property>
           <property>metrics/Sw-sqft</property>
           <property>metrics/cbarw-ft</property>
           <property>aero/ci2vel</property>
           <property>velocities/q-aero-rad_sec</property>
           <value>-15</value>
       </product>
    </function>

    <function name="aero/coefficient/Cmadot">
       <description>Pitch_moment_due_to_alpha_rate</description>
       <product>
           <property>aero/qbar-psf</property>
           <property>metrics/Sw-sqft</property>
           <property>metrics/cbarw-ft</property>
           <property>aero/ci2vel</property>
           <property>aero/alphadot-rad_sec</property>
           <value>-7</value>
       </product>
    </function>

    <function name="aero/coefficient/Cmflap">
       <description>Pitch_moment_due_to_flaps</description>
       <product>
           <property>aero/function/cos2-alpha</property>
           <property>aero/qbar-psf</property>
           <property>metrics/Sw-sqft</property>
           <property>fcs/flap-pos-deg</property>
           <value> -0.000 </value>
       </product>
    </function>

  </axis>

  <axis name="YAW">

    <function name="aero/coefficient/Cnb">
<!-- Datcom -->
       <description>Yaw_moment_due_to_beta</description>
       <product>
           <property>aero/qbar-psf</property>
           <property>metrics/Sw-sqft</property>
           <property>metrics/bw-ft</property>
           <property>aero/function/sin-beta</property>
           <value>0.06</value>
       </product>
    </function>

    <function name="aero/coefficient/Cnr">
       <description>Yaw_moment_due_to_yaw_rate</description>
       <product>
           <property>aero/qbar-psf</property>
           <property>metrics/Sw-sqft</property>
           <property>metrics/bw-ft</property>
           <property>aero/bi2vel</property>
           <property>velocities/r-aero-rad_sec</property>
           <value>-0.15</value>
       </product>
    </function>

    <function name="aero/coefficient/Cnp">
       <description>Yaw_moment_due_to_roll_rate</description>
       <product>
           <property>aero/qbar-psf</property>
           <property>metrics/Sw-sqft</property>
           <property>metrics/bw-ft</property>
           <property>aero/bi2vel</property>
           <property>velocities/p-aero-rad_sec</property>
           <value> 0.018</value>
       </product>
    </function>

    <function name="aero/coefficient/Cnda">
       <description>Adverse_yaw</description>
       <product>
           <property>aero/qbar-psf</property>
           <property>metrics/Sw-sqft</property>
           <property>metrics/bw-ft</property>
           <property>fcs/left-aileron-pos-rad</property>
           <value>-0.03</value>
       </product>
    </function>

  </axis>

 </aerodynamics>

</fdm_config>

